{
  "mappings": [
    {
      "type": "TurbineEx1_ph",
      "path": "../js/devices/TurbineEx1.js",
      "className": "TurbineEx1"
    },
    {
      "type": "Turbine_ph",
      "path": "../js/devices/TurbineSimple.js",
      "className": "TurbineSimple"
    },
    {
      "type": "Condenser_ph",
      "path": "../js/devices/Condenser.js",
      "className": "Condenser"
    },
    {
      "type": "Pump_ph",
      "path": "../../js/devices/Pump.js",
      "className": "Pump"
    },
    {
      "type": "Boiler_ph",
      "path": "../../js/devices/Boiler.js",
      "className": "Boiler"
    },
    {
      "type": "BoilerReheat_ph",
      "path": "../../js/devices/BoilerReheat.js",
      "className": "Boiler"
    },
    {
      "type": "OpenedheaterDw0_ph",
      "path": "../../js/devices/Heater.js",
      "className": "Heater"
    }
  ]
}